seed,data_name,amazon_cat,mode,best_train_loss,best_train_jaccard,best_val_jaccard,best_test_jaccard,epoch_time,train_loss,train_jaccard,val_jaccard,time,memory_used_MB,K
50971,gaussian,toys,diffMF,7.8787039915720625,89.88648653030396,90.57063460350037,91.04639291763306,0 days 00:00:01.036586,"[12.665693163871765, 11.410330295562744, 10.31633597612381, 9.348699390888214, 8.547750151157379, 7.8787039915720625, 7.24813164131982, 6.6879989095032215, 6.199072668949763, 5.776045742630958, 5.405459921468388, 5.088900975883007, 4.813663692428515]","[89.80699181556702, 89.84033465385437, 89.87436294555664, 89.4722580909729, 88.56946229934692, 89.88648653030396, 90.13193845748901, 90.01678824424744, 90.08951187133789, 90.04405736923218, 89.98951315879822, 90.07739424705505, 90.04102945327759]","[90.05012512207031, 90.2214527130127, 90.1456892490387, 90.09254574775696, 89.08738493919373, 90.57063460350037, 90.49720764160156, 90.56386947631836, 90.4608428478241, 90.475994348526, 90.53053259849548, 90.54335951805115, 90.53053259849548]",39.5759916305542,527.1171875,
50971,gaussian,toys,diffMF,7.8787039915720625,89.88648653030396,90.57063460350037,91.04639291763306,0 days 00:00:01.024411,"[12.665693163871765, 11.410330295562744, 10.31633597612381, 9.348699390888214, 8.547750151157379, 7.8787039915720625, 7.24813164131982, 6.6879989095032215, 6.199072668949763, 5.776045742630958, 5.405459921468388, 5.088900975883007, 4.813663692428515]","[89.80699181556702, 89.84033465385437, 89.87436294555664, 89.4722580909729, 88.56946229934692, 89.88648653030396, 90.13193845748901, 90.01678824424744, 90.08951187133789, 90.04405736923218, 89.98951315879822, 90.07739424705505, 90.04102945327759]","[90.05012512207031, 90.2214527130127, 90.1456892490387, 90.09254574775696, 89.08738493919373, 90.57063460350037, 90.49720764160156, 90.56386947631836, 90.4608428478241, 90.475994348526, 90.53053259849548, 90.54335951805115, 90.53053259849548]",38.77064371109009,529.23046875,
50971,gaussian,toys,diffMF,11.404130458831789,89.90769386291504,90.13800024986269,90.84032773971558,0 days 00:00:01.279610,"[12.664927124977112, 11.404130458831787, 10.314129372437796, 9.353136271238327, 8.656327450275421, 8.510018348693848, 9.174692273139954, 9.697708040475845, 9.794931875334846]","[89.61911797523499, 89.90769386291504, 89.87668752670288, 89.58508968353271, 73.8376259803772, 42.21740663051605, 26.72898769378662, 40.01393020153046, 56.10024929046631]","[90.01608490943909, 90.13800024986267, 90.13287425041199, 89.91771936416626, 74.5105504989624, 42.538681626319885, 26.117780804634094, 40.735188126564026, 57.43269324302673]",35.32213544845581,530.4296875,
50971,gaussian,toys,diffMF,10.325729648272196,89.75011706352234,90.3086245059967,90.92144966125488,0 days 00:00:00.888761,"[12.676019072532654, 11.41970819234848, 10.325729648272196, 9.360075190663338, 8.642674887180329, 9.02926285068194, 9.731008878776006, 9.957292430102825, 9.990828229321373, 10.011225408315658]","[89.77972269058228, 89.90093469619751, 89.75011706352234, 89.39158320426941, 66.97338819503784, 23.814688622951508, 27.20867097377777, 42.80388355255127, 47.48979210853577, 46.63870632648468]","[89.99114036560059, 90.3002381324768, 90.3086245059967, 89.85943794250488, 68.69651079177856, 22.684046626091003, 28.21621298789978, 45.058754086494446, 51.20638608932495, 49.15481507778168]",29.77286076545716,529.609375,
50971,gaussian,toys,diffMF,10.309687415758768,89.63193893432617,90.22074341773988,90.88881015777588,0 days 00:00:00.487312,"[12.664766788482666, 11.405439257621765, 10.309687415758768, 9.34122610092163, 8.564930307865144, 8.446975062290827, 9.270083997930799, 9.678713165223598, 9.757876204119789, 9.797204679250717]","[89.62214589118958, 89.788818359375, 89.63193893432617, 89.56224322319031, 82.01432228088379, 38.14379572868347, 29.74654734134674, 47.61395454406738, 54.496169090270996, 50.96461772918701]","[89.88811373710632, 90.05105495452881, 90.22074341773987, 90.18204808235168, 82.41322636604309, 37.87888586521149, 30.377408862113953, 48.91878962516785, 56.476569175720215, 51.711320877075195]",23.15663361549377,528.23828125,
1,gaussian,toys,diffMF,5.46568166166544,89.97063636779785,90.57063460350037,90.96760153770448,0 days 00:00:00.279712,"[12.475891470909119, 11.229449987411499, 10.164602478345236, 9.199526995420456, 8.323037803173065, 7.554369077086449, 6.897906137364251, 6.33714098110795, 5.866181015968323, 5.46568166166544, 5.119270274584943, 4.825765612224738, 4.571085271927027, 4.344276432480131, 4.147257178028425, 3.9748050747439265, 3.8173987567424774]","[89.53427076339722, 89.7046685218811, 89.76527452468872, 89.68647718429565, 89.9107277393341, 89.71981406211853, 89.78951573371887, 89.71608877182007, 89.73426818847656, 89.97063636779785, 89.89184498786926, 89.74032998085022, 89.94032740592957, 89.96760249137878, 90.00466465950012, 90.0683045387268, 90.00466465950012]","[89.80396389961243, 90.14406204223633, 90.08578062057495, 90.11071920394897, 90.1123583316803, 90.37972688674927, 90.25548696517944, 90.2547836303711, 90.49487709999084, 90.57063460350037, 90.50326347351074, 90.51002860069275, 90.56457281112671, 90.51002860069275, 90.43053984642029, 90.47366380691528, 90.51002860069275]",24.05577564239502,527.1484375,1.0
2,gaussian,toys,diffMF,4.624288201332092,90.12890458106996,90.6335711479187,90.99417328834534,0 days 00:00:00.296238,"[12.049515724182129, 10.874013483524323, 9.84133893251419, 8.88134115934372, 8.016856741905212, 7.261616572737694, 6.617196483271463, 6.072869937866926, 5.620546761486265, 5.232954502105713, 4.905697734518484, 4.624288201332092, 4.382563245984224, 4.168729188186782, 3.978849156697591, 3.8152855122461915, 3.669325996847714, 3.5377741348412304, 3.4193102913467506]","[89.92214798927307, 89.9440586566925, 89.92284536361694, 89.95314836502075, 90.04102945327759, 89.92891311645508, 89.99860882759094, 90.10769724845886, 90.1016354560852, 90.11073112487793, 90.08951187133789, 90.12890458106995, 90.10769724845886, 90.0107204914093, 90.0713324546814, 90.08951783180237, 90.15921354293823, 90.2107298374176, 90.12891054153442]","[90.35244584083557, 90.45547842979431, 90.56690335273743, 90.49487709999084, 90.54033160209656, 90.56386947631836, 90.59790372848511, 90.46387076377869, 90.49487709999084, 90.51538705825806, 90.51538705825806, 90.6335711479187, 90.40326476097107, 90.51235914230347, 90.3002381324768, 90.36993980407715, 90.39114117622375, 90.41608572006226, 90.47366380691528]",26.07944178581237,527.0390625,1.0
3,gaussian,toys,diffMF,4.971501144495877,90.07435441017152,90.5275046825409,91.00769758224487,0 days 00:00:00.282416,"[12.639255285263062, 11.27435553073883, 10.116544206937155, 9.086267068982124, 8.169430744647979, 7.383970235784848, 6.717758404357093, 6.160512890666723, 5.694722082879808, 5.3045563161373135, 4.971501144495877, 4.684589561074972, 4.431994870305061, 4.2094705030322075, 4.017614261309306, 3.8483597012236714, 3.697957364951863, 3.5630548232131534]","[88.86992335319519, 89.5729660987854, 89.8554801940918, 89.9645745754242, 90.0766909122467, 90.11305570602417, 89.9675965309143, 90.14103412628174, 89.92587924003601, 90.0107204914093, 90.07435441017151, 90.02587795257568, 89.9137556552887, 90.14102816581726, 90.0683045387268, 90.18042087554932, 90.19557237625122, 90.12284278869629]","[89.3545150756836, 90.0874137878418, 90.06689786911011, 90.29114246368408, 90.43962955474854, 90.443354845047, 90.4706358909607, 90.3184175491333, 90.34265279769897, 90.36387205123901, 90.5275046825409, 90.5093252658844, 90.44638872146606, 90.51002860069275, 90.40396213531494, 90.31841158866882, 90.35478234291077, 90.33963084220886]",24.498013019561768,527.7578125,1.0
4,gaussian,toys,diffMF,6.601485174149275,90.01375436782837,90.53660035133362,90.95548391342165,0 days 00:00:00.301617,"[12.8186354637146, 11.581245064735413, 10.507201492786407, 9.534219548106194, 8.647414314746857, 7.863615999619166, 7.1809592459883005, 6.601485174149275, 6.1082998762528105, 5.6902960106730465, 5.333912472833287, 5.025420781224966, 4.755718931555748, 4.521128793912275, 4.315433287620545]","[89.55315351486206, 89.80163335800171, 90.04102945327759, 89.87435698509216, 90.01911878585815, 89.994877576828, 89.9039626121521, 90.01375436782837, 90.08042216300964, 90.14406204223633, 90.03193974494934, 90.16830325126648, 90.19557237625122, 90.11374711990356, 90.14406204223633]","[89.66224193572998, 90.3766930103302, 90.28578400611877, 90.51608443260193, 90.27669429779053, 90.47132730484009, 90.40023684501648, 90.53660035133362, 90.50699472427368, 90.38578271865845, 90.40932655334473, 90.53660035133362, 90.4123604297638, 90.32145142555237, 90.40093421936035]",22.93088269233704,525.7734375,1.0
5,gaussian,toys,diffMF,8.506858319044113,90.12889862060548,90.48578143119812,90.98578095436096,0 days 00:00:00.379171,"[11.851855397224426, 10.589401245117188, 9.488839070002237, 8.506858319044113, 7.649751615524292, 6.91792627175649, 6.3010227637631555, 5.786335349082947, 5.356191052330865, 4.991936178505421, 4.680248299782926]","[89.93799090385437, 90.10769724845886, 90.24708867073059, 90.12889862060547, 89.98345136642456, 90.05920886993408, 90.16830325126648, 90.11678695678711, 90.18648266792297, 90.07738828659058, 90.22890329360962]","[90.39790630340576, 90.4608428478241, 90.46154022216797, 90.48578143119812, 90.42214751243591, 90.40699601173401, 90.32145142555237, 90.35244584083557, 90.42447805404663, 90.42214751243591, 90.4426634311676]",20.68244504928589,527.171875,1.0
1,gaussian,toys,diffMF,11.239871501922607,89.5554780960083,90.13426899909972,90.84032773971558,0 days 00:00:00.486770,"[12.483649849891663, 11.239871501922607, 10.152517338593801, 9.186559945344925, 8.390346848964692, 8.174205521742502, 9.020395261900765, 9.525764241814613, 9.572318871816]","[89.50700163841248, 89.5554780960083, 89.7531509399414, 89.2773985862732, 84.83365774154663, 43.86427104473114, 27.911660075187683, 45.57350277900696, 55.557554960250854]","[89.68344926834106, 90.13426899909973, 90.07669687271118, 89.89114165306091, 85.3201687335968, 43.689969182014465, 26.56361758708954, 45.80259621143341, 55.259060859680176]",21.40353488922119,528.6640625,2.0
2,gaussian,toys,diffMF,12.06386649608612,89.94032144546509,90.4676079750061,91.03659987449646,0 days 00:00:00.628455,"[12.06386649608612, 10.880073845386505, 9.823826134204865, 8.872063264250755, 8.182548415660857, 8.46794785062472, 9.46087315252849, 9.794471733272076]","[89.94032144546509, 89.92587924003601, 89.7531509399414, 89.42890763282776, 73.58437776565552, 28.014495968818665, 34.252968430519104, 50.01598596572876]","[90.4676079750061, 90.34569263458252, 90.27599096298218, 89.74984884262085, 74.25328493118286, 27.1290123462677, 33.40825438499451, 49.358975887298584]",21.171968460083008,528.37890625,2.0
3,gaussian,toys,diffMF,10.135048667589825,89.93729948997498,90.24872183799744,90.70163369178772,0 days 00:00:00.486179,"[12.648210406303406, 11.289034307003021, 10.135048667589823, 9.156042709946632, 8.481379199028016, 8.752477864424387, 9.641616037913732, 10.011183649301529, 10.1473837296168, 10.27714010477066]","[88.90699744224548, 89.83729481697083, 89.93729948997498, 89.24195766448975, 70.16650438308716, 29.70402240753174, 35.2715939283371, 48.507001996040344, 48.70104491710663, 43.91442537307739]","[89.52491283416748, 90.20862579345703, 90.24872183799744, 89.69857692718506, 71.35549783706665, 29.298409819602966, 36.98053956031799, 50.084733963012695, 49.963900446891785, 44.96487081050873]",22.90807580947876,527.80078125,2.0
4,gaussian,toys,diffMF,10.494243880112966,89.7282063961029,90.37599563598631,90.94708561897278,0 days 00:00:00.480813,"[12.81603491306305, 11.572369039058685, 10.494243880112966, 9.516790315508842, 8.691630160808563, 8.37084436416626, 9.18030617918287, 9.780604526400566, 9.98469348748525, 10.084081947803497]","[89.62284922599792, 89.69324231147766, 89.7282063961029, 89.79860544204712, 86.03150248527527, 45.85185647010803, 27.18695104122162, 45.40642201900482, 51.09829902648926, 48.34456741809845]","[89.86830115318298, 90.27668833732605, 90.37599563598633, 90.12145400047302, 86.58944368362427, 45.266059041023254, 26.152390241622925, 44.07896101474762, 49.789223074913025, 46.458351612091064]",22.507210969924927,528.0625,2.0
5,gaussian,toys,diffMF,11.831024050712584,90.12891054153442,90.45244455337524,90.88415503501892,0 days 00:00:00.464501,"[11.831024050712585, 10.588138282299042, 9.526239315668741, 8.620206236839294, 8.025652885437012, 8.476276526848475, 9.42420653785978, 9.64183097332716]","[90.12891054153442, 89.94335532188416, 89.86526727676392, 88.9801561832428, 65.38546681404114, 26.566416025161743, 35.28250455856323, 55.9278130531311]","[90.45244455337524, 90.42820930480957, 90.20326137542725, 89.23423290252686, 66.13185405731201, 26.352033019065857, 34.63371694087982, 56.54143691062927]",18.96925926208496,528.1328125,2.0
1,gaussian,toys,diffMF,4.790381735989025,89.93123769760132,90.56153893470764,90.931236743927,0 days 00:00:00.679386,"[12.47705864906311, 11.232119679450989, 10.146281580130259, 9.198957622051239, 8.466433930397034, 7.856267680724462, 7.296436126743044, 6.8440207205712795, 6.427205055952072, 6.0158551901578905, 5.6492304314266555, 5.329159679512183, 5.04205045562524, 4.790381735989025, 4.569795643289884, 4.370112378150225, 4.1890134504612755, 4.031721767452028, 3.8897645889144195, 3.7574943490326405, 3.6390181999830973]","[89.56457376480103, 89.79557156562805, 89.49860334396362, 89.35011625289917, 85.88921427726746, 87.07649111747742, 89.71002697944641, 90.00396728515625, 89.77972865104675, 89.82517719268799, 89.91002440452576, 89.8706316947937, 89.91305232048035, 89.93123769760132, 89.91305232048035, 89.94941711425781, 89.93427157402039, 89.95245099067688, 90.00699520111084, 90.03496766090393, 90.00163674354553]","[89.72890377044678, 90.03729820251465, 90.04336595535278, 89.65244889259338, 85.85255146026611, 87.90262937545776, 90.12681245803833, 90.27063250541687, 90.34639000892639, 90.41305184364319, 90.49184918403625, 90.48881530761719, 90.54336547851562, 90.56153893470764, 90.52821397781372, 90.54639339447021, 90.53357243537903, 90.54872393608093, 90.54639339447021, 90.55175185203552, 90.54872393608093]",43.76379871368408,526.5,3.0
2,gaussian,toys,diffMF,6.528463292866945,90.11071920394896,90.57973027229308,90.95920920372008,0 days 00:00:00.711370,"[12.062517642974854, 10.87882149219513, 9.832476794719696, 8.904732406139374, 8.162732017040252, 7.530553907155991, 6.974174222775868, 6.528463292866945, 6.093879371881485, 5.697222647070885, 5.349667140028694, 5.045467134565115, 4.778125490133579, 4.5390948961888045, 4.330916138490041]","[89.9039626121521, 89.89859819412231, 89.92284536361694, 89.56153988838196, 86.6975724697113, 88.80037069320679, 90.03496766090393, 90.11071920394897, 90.0531530380249, 90.05920886993408, 90.07435441017151, 90.03497362136841, 90.0531530380249, 90.01981616020203, 90.05618095397949]","[90.45174717903137, 90.34265279769897, 90.26084542274475, 89.87296223640442, 86.95608377456665, 89.48218822479248, 90.54872393608093, 90.57973027229309, 90.37599563598633, 90.54569005966187, 90.56386947631836, 90.4941737651825, 90.4941737651825, 90.4578149318695, 90.475994348526]",32.718836069107056,526.40625,3.0
3,gaussian,toys,diffMF,4.607292701418583,90.04405736923218,90.5547857284546,91.0251796245575,0 days 00:00:00.647563,"[12.64699411392212, 11.279817342758179, 10.12027088801066, 9.128300413489342, 8.281123912334442, 7.5540268669525785, 6.94792098232678, 6.4062653332948685, 5.936743380294906, 5.529942381381988, 5.1756594479084015, 4.869600743055344, 4.607292701418583, 4.377569154969284, 4.175649420420329, 4.000191433355212, 3.8415828592637005, 3.70176599919796, 3.576049574111637, 3.460954587906599]","[89.02750611305237, 89.69720602035522, 89.72820043563843, 89.6244764328003, 89.48578238487244, 90.00466465950012, 90.04708528518677, 90.04336595535278, 90.08951783180237, 90.09254574775696, 90.03798961639404, 90.00466465950012, 90.04405736923218, 89.95618224143982, 90.04405736923218, 90.04102945327759, 90.05920886993408, 90.1834487915039, 90.16223549842834, 90.16223549842834]","[89.54914808273315, 90.10396599769592, 90.1177167892456, 90.03357291221619, 89.93822932243347, 90.37296772003174, 90.37902355194092, 90.38811326026917, 90.40023684501648, 90.43962955474854, 90.46993255615234, 90.50630331039429, 90.55478572845459, 90.53962826728821, 90.55477976799011, 90.46689867973328, 90.42750597000122, 90.38811326026917, 90.39114117622375, 90.37296772003174]",42.52232646942139,529.7109375,3.0
4,gaussian,toys,diffMF,5.455799001913804,90.14406204223631,90.51538705825806,90.97296595573424,0 days 00:00:00.645376,"[12.810598015785217, 11.560696303844452, 10.480284690856934, 9.525710567831993, 8.739293885231017, 8.129075090090433, 7.603431165218353, 7.142693467438221, 6.798708021640778, 6.449551373720169, 6.094046847386793, 5.760792093972365, 5.455799001913804, 5.1836127287575176, 4.943800975879033, 4.7274791076779366, 4.533642267479616, 4.3573322958416405, 4.198281353241519, 4.05483967512846]","[89.60163593292236, 89.88951444625854, 89.96527194976807, 89.75082039833069, 87.16384172439575, 83.15287232398987, 88.11342120170593, 90.05314707756042, 89.99557495117188, 90.12587666511536, 90.05921483039856, 90.038001537323, 90.14406204223633, 90.18648266792297, 90.09557366371155, 90.21375775337219, 90.20163416862488, 90.19860625267029, 90.1804268360138, 90.19860029220581]","[89.82517719268799, 90.33427238464355, 90.19486904144287, 90.29418230056763, 87.4955415725708, 83.76404047012329, 89.02924060821533, 90.36084413528442, 90.42214751243591, 90.49720764160156, 90.44569730758667, 90.4941737651825, 90.51538705825806, 90.42447805404663, 90.51538705825806, 90.4608428478241, 90.47902226448059, 90.4608428478241, 90.47902226448059, 90.49720764160156]",40.25762319564819,528.13671875,3.0
5,gaussian,toys,diffMF,5.358665831387043,90.01981616020203,90.53357243537904,90.98508954048155,0 days 00:00:00.698933,"[11.831899642944336, 10.583355247974396, 9.511642336845398, 8.616445377469063, 7.8697067379951475, 7.210762456059456, 6.663273985896792, 6.177675556391478, 5.741316517194112, 5.358665831387043, 5.026541666551069, 4.735693282137315, 4.481456836828818, 4.261128189308303, 4.067428906758626, 3.897776254452765, 3.7451262719490948]","[90.06527662277222, 89.9524450302124, 89.82353806495667, 89.24942016601562, 88.52583765983582, 89.94103074073792, 90.08951187133789, 90.11375308036804, 90.01981616020203, 90.01981616020203, 90.08042216300964, 90.16830325126648, 90.1804268360138, 90.12587070465088, 90.14405608177185, 90.10769724845886, 90.14406204223633]","[90.194171667099, 90.29347896575928, 90.23357629776001, 89.70396518707275, 89.27319645881653, 90.37063121795654, 90.48509001731873, 90.46992659568787, 90.53356647491455, 90.53357243537903, 90.53053855895996, 90.4608428478241, 90.4608428478241, 90.4608428478241, 90.47366380691528, 90.42447805404663, 90.40629863739014]",37.5347044467926,528.92578125,3.0
1,gaussian,toys,diffMF,11.238961279392242,89.61981534957886,90.2342677116394,90.67063331604004,0 days 00:00:00.848767,"[12.480435967445374, 11.238961279392242, 10.15609202782313, 9.19531063735485, 8.434265041351319, 8.825254927078882, 9.549452943461281, 9.73430671542883, 9.786170899868011]","[89.41002488136292, 89.61981534957886, 89.56224322319031, 89.669930934906, 74.61038827896118, 32.48870670795441, 37.011560797691345, 50.880008935928345, 52.22504734992981]","[89.72588181495667, 90.2342677116394, 90.0766909122467, 90.10396599769592, 74.94183778762817, 31.610187888145447, 35.989779233932495, 51.17170214653015, 52.71328091621399]",26.93375301361084,526.5625,4.0
2,gaussian,toys,diffMF,12.063235640525818,89.99184370040894,90.3972029685974,91.13123416900636,0 days 00:00:00.861968,"[12.063235640525818, 10.882024884223938, 9.835789243380228, 8.891885906457901, 8.345840215682983, 9.069348732630411, 9.765771389007568, 9.983673870563507]","[89.99184370040894, 89.9773895740509, 90.16830325126648, 89.25018310546875, 53.9031445980072, 22.712096571922302, 33.11011493206024, 39.515310525894165]","[90.39720296859741, 90.39416909217834, 90.31538367271423, 89.16522264480591, 55.60574531555176, 21.93378210067749, 31.102728843688965, 38.76628577709198]",25.59203290939331,526.51171875,4.0
3,gaussian,toys,diffMF,11.27080225944519,89.64872360229492,90.18275737762453,90.42214751243591,0 days 00:00:00.845056,"[12.640897989273071, 11.27080225944519, 10.104966799418131, 9.133505403995514, 8.702033233642577, 9.373501340548197, 9.927304795810155, 10.08525338768959, 10.186100072330898]","[88.93799781799316, 89.64872360229492, 89.77901935577393, 87.875896692276, 43.72497200965881, 21.55667245388031, 38.61493170261383, 49.90899860858917, 46.45508527755737]","[89.6139919757843, 90.18275737762451, 89.9699330329895, 88.30571174621582, 42.809200286865234, 22.401517629623413, 42.18918979167938, 51.70124173164368, 48.3932763338089]",27.14560580253601,528.50390625,4.0
4,gaussian,toys,diffMF,11.560225546360016,89.8857831954956,90.3463900089264,90.85851311683656,0 days 00:00:00.826212,"[12.809261441230774, 11.560225546360016, 10.482945462067923, 9.518230959773064, 8.711046278476715, 8.806726505359014, 9.705339355128151, 10.030747033655643, 10.093786749574873]","[89.4834578037262, 89.8857831954956, 89.69486951828003, 89.83729481697083, 79.50882911682129, 27.013972401618958, 28.153571486473083, 43.33908259868622, 42.80728995800018]","[89.88345265388489, 90.34639000892639, 90.30093550682068, 90.17366170883179, 79.45799231529236, 26.95716619491577, 27.102777361869812, 42.77525246143341, 41.371431946754456]",26.25209856033325,529.89453125,4.0
5,gaussian,toys,diffMF,10.59156197309494,89.95012044906616,90.52517414093018,90.86456894874571,0 days 00:00:00.974877,"[11.831571578979492, 10.59156197309494, 9.52916673819224, 8.627265080809593, 8.323320078849793, 9.167920271555582, 9.789349555969238, 9.968484655022621, 9.993404467900595]","[90.06527066230774, 89.95012044906616, 89.9470865726471, 87.68800497055054, 43.085119128227234, 20.302093029022217, 31.99213445186615, 44.5244163274765, 48.869821429252625]","[90.22750854492188, 90.52517414093018, 90.23054242134094, 88.12183141708374, 41.1282479763031, 19.791416823863983, 30.670687556266785, 44.87397372722626, 50.284767150878906]",28.1062753200531,528.4921875,4.0
1,gaussian,toys,diffMF,4.407726772129536,89.91609215736389,90.56689739227296,90.9494161605835,0 days 00:00:01.009221,"[12.479663014411926, 11.234611511230469, 10.146462857723236, 9.195974364876747, 8.526774477958678, 8.133347600698471, 7.703927304063525, 7.3157685324549675, 6.927977045377095, 6.540544134378433, 6.16766431927681, 5.830926249424617, 5.526514311249439, 5.250848987272808, 5.0049965967734655, 4.785769968293607, 4.587403453448239, 4.407726772129536, 4.244787634203308, 4.097719597816467, 3.964392908981868, 3.8410400782119143, 3.7297935557106268, 3.6310320987055698, 3.5347640681266785]","[89.34336304664612, 89.7713303565979, 89.74032998085022, 89.52144384384155, 75.98565220832825, 78.81318926811218, 89.4784927368164, 89.83193635940552, 89.93496298789978, 89.93193507194519, 89.84336256980896, 89.87972736358643, 89.84335660934448, 89.8888111114502, 89.87365961074829, 89.90093469619751, 89.94941711425781, 89.91609215736389, 89.93123769760132, 89.94942307472229, 89.94941711425781, 89.96760845184326, 90.00396132469177, 89.9524450302124, 90.00396728515625]","[89.6494209766388, 90.12214541435242, 89.93427157402039, 89.94335532188416, 76.94019079208374, 79.38791513442993, 89.80435729026794, 90.18275141716003, 90.34032225608826, 90.45547842979431, 90.40396809577942, 90.41608572006226, 90.50700068473816, 90.50700068473816, 90.4706358909607, 90.52518010139465, 90.50700068473816, 90.56689739227295, 90.54336547851562, 90.55175185203552, 90.55175185203552, 90.54872393608093, 90.53356647491455, 90.56457281112671, 90.51538705825806]",65.0556640625,528.9140625,5.0
2,gaussian,toys,diffMF,4.064673617482185,90.05618095397949,90.58205485343932,90.92820286750792,0 days 00:00:01.037830,"[12.06751573085785, 10.886584103107452, 9.832078397274017, 8.895201787352562, 8.203324937820435, 7.758040636777878, 7.284811198711395, 6.856079328805208, 6.438766409953435, 6.046179807186126, 5.6899137117645955, 5.367786666999261, 5.083765012713579, 4.828704047415938, 4.60571092069149, 4.404850909486413, 4.224572058986215, 4.064673617482185, 3.92188854750834, 3.7908376567065716, 3.6704233508734476, 3.5607683299617334, 3.4589046842378117, 3.366678456465403, 3.281769344806671]","[90.08881449699402, 89.89254832267761, 90.16830325126648, 89.67669606208801, 79.74727153778076, 83.80292057991028, 89.86197113990784, 90.14406204223633, 90.07435441017151, 90.04102945327759, 90.07739424705505, 90.05920886993408, 90.07435441017151, 90.09253978729248, 90.02284407615662, 89.98647928237915, 90.0531530380249, 90.05618095397949, 90.07435441017151, 90.07435441017151, 90.04102945327759, 90.14406204223633, 90.14406204223633, 90.10769724845886, 90.12284278869629]","[90.40932655334473, 90.37901759147644, 90.24336338043213, 90.10046720504761, 79.28363680839539, 86.40427589416504, 90.50976037979126, 90.50699472427368, 90.49720764160156, 90.46387076377869, 90.45780301094055, 90.53053259849548, 90.4941737651825, 90.54568409919739, 90.5275046825409, 90.5275046825409, 90.56386947631836, 90.58205485343933, 90.56689739227295, 90.54872393608093, 90.54872393608093, 90.53053259849548, 90.54872393608093, 90.51235914230347, 90.53053259849548]",64.02092337608337,530.0078125,5.0
3,gaussian,toys,diffMF,4.573809164074751,90.00466465950012,90.59115052223206,91.010719537735,0 days 00:00:01.028645,"[12.64189064502716, 11.270632565021515, 10.109497408072153, 9.114859029650688, 8.288186419010163, 7.579154705007871, 6.929937571287155, 6.371947713196278, 5.894563398427433, 5.4831651344895365, 5.132321138273586, 4.832715613146623, 4.573809164074751, 4.341639797602381, 4.141160342097282, 3.9644889049232006, 3.807185166022357, 3.6662997661365404, 3.5423788287137685, 3.4258766770362854]","[88.82517218589783, 89.60326313972473, 89.87668752670288, 89.74195718765259, 89.48924541473389, 89.94033336639404, 90.08951783180237, 90.10699987411499, 90.10769724845886, 90.04405736923218, 90.02284407615662, 90.09557366371155, 90.00466465950012, 90.04102945327759, 90.04102349281311, 90.02587795257568, 90.02284407615662, 90.09254574775696, 90.09254574775696, 90.14708399772644]","[89.21815752983093, 90.07599353790283, 90.34568667411804, 89.96084332466125, 89.99114632606506, 90.45174717903137, 90.38205146789551, 90.43357372283936, 90.36387205123901, 90.4153823852539, 90.50629734992981, 90.54266214370728, 90.59115052223206, 90.56760668754578, 90.43053984642029, 90.44265747070312, 90.38811326026917, 90.38811326026917, 90.40326476097107, 90.38811326026917]",57.10813546180725,529.41796875,5.0
4,gaussian,toys,diffMF,5.1956559754908085,90.10769724845886,90.51538705825806,91.03729724884032,0 days 00:00:01.006069,"[12.812480211257935, 11.567909181118011, 10.493106683095297, 9.53250452876091, 8.761130928993225, 8.296691079934439, 7.943670545305524, 7.614411324262619, 7.317476034164429, 6.990071904659271, 6.646041322838176, 6.309905461966991, 5.992639922178709, 5.701298901012966, 5.436559682091077, 5.1956559754908085, 4.979764001334415, 4.782415243486564, 4.6036869460030605, 4.441952227801084, 4.293447202160245, 4.1581197712909095, 4.0337071788051855]","[89.70466256141663, 90.01981616020203, 89.93496298789978, 89.77366089820862, 83.24366807937622, 75.56896805763245, 80.94908595085144, 90.08880853652954, 90.0531530380249, 90.05618095397949, 90.14708995819092, 90.05920886993408, 90.14708399772644, 90.09557366371155, 90.12587666511536, 90.10769724845886, 90.14708399772644, 90.11071920394897, 90.16224145889282, 90.14406204223633, 90.1804268360138, 90.1804268360138, 90.1804268360138]","[89.81981873512268, 90.3009295463562, 90.28881192207336, 90.08508920669556, 83.93845558166504, 75.81912279129028, 82.63348340988159, 90.4251754283905, 90.42447805404663, 90.39417505264282, 90.46083688735962, 90.4093325138092, 90.46083688735962, 90.46083688735962, 90.4608428478241, 90.51538705825806, 90.4608428478241, 90.4426634311676, 90.42447805404663, 90.42447805404663, 90.4608428478241, 90.4426634311676, 90.42447805404663]",59.68935227394104,529.66015625,5.0
5,gaussian,toys,diffMF,5.837289800246556,89.9440586566925,90.5396282672882,91.03962779045104,0 days 00:00:01.049619,"[11.831775546073914, 10.591164231300354, 9.530337552229563, 8.63349586725235, 7.945977067947387, 7.343219851454099, 6.785575807094574, 6.2867242731153965, 5.837289800246556, 5.445223505795002, 5.104374647140503, 4.812899623066187, 4.555304546768848, 4.331742710300854, 4.134471161166827, 3.962734814733267]","[90.01608490943909, 90.03798961639404, 89.92820978164673, 89.56084251403809, 86.63025498390198, 90.05920886993408, 90.07738828659058, 89.93496298789978, 89.9440586566925, 89.94103074073792, 90.02284407615662, 90.13193249702454, 90.1834487915039, 90.17739295959473, 90.16527533531189, 90.1804268360138]","[90.37365913391113, 90.50629734992981, 90.42447805404663, 89.91469144821167, 87.62879371643066, 90.44005274772644, 90.47902226448059, 90.50933122634888, 90.53962826728821, 90.44569134712219, 90.49720168113708, 90.475994348526, 90.37296772003174, 90.37296772003174, 90.40629863739014, 90.42447805404663]",47.5491783618927,529.3359375,5.0
1,gaussian,toys,diffMF,11.237552523612976,89.72517251968384,90.19860625267027,90.75548648834229,0 days 00:00:01.222651,"[12.479656219482422, 11.237552523612976, 10.159883995850882, 9.20060721039772, 8.416170358657837, 8.26430274049441, 8.956658967903682, 9.750382043421268, 10.076486448446909]","[89.37063217163086, 89.72517251968384, 89.59487080574036, 89.55055475234985, 79.14949059486389, 44.84347105026245, 24.299347400665283, 23.493295907974243, 45.3728586435318]","[89.66083526611328, 90.19860625267029, 90.12820720672607, 89.72024917602539, 79.58769798278809, 46.45790755748749, 23.95290434360504, 23.31928312778473, 45.51539123058319]",34.25653958320618,527.9609375,6.0
2,gaussian,toys,diffMF,12.06683361530304,89.90699648857117,90.50023555755617,90.99720120429993,0 days 00:00:01.218457,"[12.06683361530304, 10.886355936527252, 9.8334019780159, 8.888838171958923, 8.27195405960083, 8.529950539271036, 9.507320472172328, 9.96881639957428]","[89.90699648857117, 90.03193378448486, 89.95921015739441, 88.06467056274414, 67.69689321517944, 29.84873056411743, 26.961377263069153, 46.569228172302246]","[90.50023555755615, 90.49720168113708, 90.29953479766846, 88.6728286743164, 67.58031249046326, 30.13603985309601, 28.074294328689575, 45.92004120349884]",32.095746755599976,530.04296875,6.0
3,gaussian,toys,diffMF,11.275487303733826,89.66386914253235,90.1100218296051,90.50396680831908,0 days 00:00:01.367674,"[12.643159866333008, 11.275487303733826, 10.120188434918722, 9.157306537032127, 8.571840822696686, 8.798730164766312, 9.627237345491137, 10.03334642201662, 10.166900548670027]","[88.9911413192749, 89.66386914253235, 89.76759910583496, 88.24408650398254, 64.15600776672363, 31.22330904006958, 29.342806339263916, 49.374568462371826, 50.365447998046875]","[89.62490558624268, 90.1100218296051, 90.01166224479675, 88.49433064460754, 64.23321962356567, 30.898314714431763, 30.82212805747986, 51.256000995635986, 51.5106737613678]",36.662747621536255,528.3515625,6.0
4,gaussian,toys,diffMF,11.5576411485672,89.77972269058228,90.25548100471497,90.82144498825072,0 days 00:00:01.309740,"[12.811036825180054, 11.5576411485672, 10.474762658278147, 9.511311739683151, 8.70941071510315, 8.432321280241013, 9.059460273810796, 9.772324152290821, 10.102259735266367]","[89.61071968078613, 89.77972269058228, 89.82518315315247, 89.87972140312195, 82.43783116340637, 46.83025777339935, 29.066559672355652, 27.510088682174683, 40.17724692821503]","[89.97132778167725, 90.25548100471497, 90.10093212127686, 90.23357033729553, 82.58036375045776, 47.326359152793884, 29.589036107063293, 26.90998613834381, 39.59670960903168]",33.63120412826538,530.26953125,6.0
5,gaussian,toys,diffMF,10.583721697330477,90.1198148727417,90.33357501029968,90.97669124603271,0 days 00:00:01.293938,"[11.826366662979126, 10.583721697330475, 9.514253377914429, 8.61824107170105, 8.1315722823143, 8.524036447207132, 9.390147072928292, 9.810415148735046, 9.890296657880148]","[90.15920758247375, 90.1198148727417, 89.97366428375244, 86.577969789505, 59.994351863861084, 28.290528059005737, 28.11756134033203, 39.66192007064819, 53.09649705886841]","[90.24639129638672, 90.33357501029968, 90.26387333869934, 87.37325668334961, 60.46881675720215, 27.19600200653076, 26.944652199745178, 39.444661140441895, 55.12149930000305]",33.54824638366699,530.07421875,6.0
1,gaussian,toys,ind,6.930036749158587,89.76830244064331,90.35244584083556,90.73426723480225,0 days 00:00:00.352115,"[12.473777651786804, 11.26341986656189, 10.208706974983215, 9.24637196958065, 8.37366100549698, 7.5953294436136884, 6.930036749158587, 6.367860607802868, 5.890755540794796, 5.497460752725601, 5.158333671363917, 4.8698175971706705, 4.630627588583873, 4.42784875950643]","[89.44336175918579, 89.79253768920898, 89.65920805931091, 89.81981873512268, 89.7531509399414, 89.80395793914795, 89.76830244064331, 89.82145190238953, 89.58414793014526, 89.08742070198059, 89.00256752967834, 88.24359774589539, 87.07236647605896, 87.44305968284607]","[89.74336385726929, 90.2039647102356, 90.23193717002869, 90.19184112548828, 90.28881192207336, 90.31608700752258, 90.35244584083557, 90.3002381324768, 89.9797260761261, 89.67599272727966, 89.49720859527588, 88.79277110099792, 87.50743269920349, 87.37945556640625]",23.00057601928711,534.8671875,1.0
2,gaussian,toys,ind,8.031974363327027,89.95012044906616,90.56689739227296,90.99557399749756,0 days 00:00:00.361690,"[12.040728688240051, 10.883250057697296, 9.852178494135538, 8.9024947732687, 8.031974363327027, 7.276582797368367, 6.632226952484676, 6.092730458825827, 5.64324927661154, 5.264594346284866, 4.941030934453011, 4.674244285871585]","[89.87668752670288, 89.81981873512268, 90.00396728515625, 89.95618224143982, 89.95012044906616, 89.91072177886963, 89.9470865726471, 89.87435698509216, 89.90023732185364, 89.54569697380066, 89.23962712287903, 87.84845471382141]","[90.32750725746155, 90.52821397781372, 90.46387076377869, 90.46760201454163, 90.56689739227295, 90.26994109153748, 90.33963084220886, 90.29185175895691, 90.18811583518982, 89.93589878082275, 89.04542922973633, 87.90605664253235]",21.365843534469604,535.71484375,1.0
3,gaussian,toys,ind,8.160850918292999,89.87739086151123,90.37901759147644,90.71142673492432,0 days 00:00:00.390102,"[12.633156776428223, 11.271506428718567, 10.114596704641977, 9.078985795378685, 8.160850918292999, 7.378841141859691, 6.71443738256182, 6.162679266184568, 5.702228965030776, 5.32269969433546, 5.0030659125609835, 4.761090567956368]","[88.40630054473877, 89.41538333892822, 89.62214589118958, 89.84336256980896, 89.87739086151123, 90.07063508033752, 89.85851407051086, 89.80466723442078, 89.3342673778534, 89.47365880012512, 88.70933055877686, 88.32307457923889]","[88.839590549469, 89.98438715934753, 90.24569392204285, 90.30559659004211, 90.37901759147644, 90.30932784080505, 90.20023345947266, 90.21538496017456, 89.85781073570251, 89.74335789680481, 88.8951063156128, 88.60512971878052]",22.763614654541016,535.62109375,1.0
4,gaussian,toys,ind,7.840084051092465,89.95851278305054,90.45174717903136,90.7834529876709,0 days 00:00:00.356894,"[12.80580186843872, 11.589828968048096, 10.52035266160965, 9.545577108860016, 8.641517055034637, 7.840084051092465, 7.151092916727066, 6.565468065440655, 6.0767611265182495, 5.659304836392403, 5.313185309821909, 5.016891196370125, 4.7640025569842415]","[89.756178855896, 89.90163207054138, 89.94336128234863, 89.85548615455627, 89.994877576828, 89.95851278305054, 89.91981744766235, 90.06527066230774, 89.80699181556702, 89.34032917022705, 89.01165723800659, 88.43260407447815, 87.57432699203491]","[89.71911668777466, 90.30699729919434, 90.2850866317749, 90.40396809577942, 90.30932784080505, 90.45174717903137, 90.31235575675964, 90.13426899909973, 89.97296690940857, 89.85851407051086, 89.6244764328003, 88.31865191459656, 87.60416507720947]",22.83868098258972,538.11328125,1.0
5,gaussian,toys,ind,8.573643922805786,90.02284407615662,90.53660035133362,90.89860320091248,0 days 00:00:00.361126,"[11.836364269256592, 10.608716428279877, 9.540793061256409, 8.573643922805786, 7.718465715646744, 6.989566529790561, 6.378532767295837, 5.8613631799817085, 5.433376510938008, 5.070673505961895, 4.77363245324655]","[90.01072645187378, 89.99254703521729, 90.00466465950012, 90.02284407615662, 89.93496298789978, 90.0130569934845, 90.05175232887268, 89.76526856422424, 89.81678485870361, 89.65851068496704, 87.95052170753479]","[90.37902355194092, 90.47902226448059, 90.41305780410767, 90.53660035133362, 90.32750725746155, 90.43124318122864, 90.32447934150696, 90.20326137542725, 90.08508324623108, 89.9193525314331, 88.65987062454224]",20.75631213188172,537.14453125,1.0
1,gaussian,toys,ind,11.276318728923798,89.63193893432617,90.14032483100893,90.82517623901369,0 days 00:00:00.688233,"[12.481841087341309, 11.276318728923798, 10.215044975280762, 9.274117946624756, 8.51364998817444, 8.380340764919916, 9.250459509236473, 9.66877568513155, 9.741837296220991]","[89.40092921257019, 89.63193893432617, 89.67902064323425, 89.45781588554382, 82.50014781951904, 40.04460573196411, 29.035714268684387, 46.60063087940216, 51.28710865974426]","[89.67133164405823, 90.14032483100891, 90.09790420532227, 89.82821106910706, 83.316570520401, 39.57104682922363, 28.49944233894348, 46.426594257354736, 51.04003548622131]",23.24766445159912,538.59765625,2.0
2,gaussian,toys,ind,10.913166165351868,89.88648056983948,90.44872522354126,90.99254608154295,0 days 00:00:00.577430,"[12.066540598869324, 10.913166165351868, 9.883652369181315, 8.977939411997795, 8.330190658569336, 8.682813386122385, 9.593803439821516, 9.879219502210617, 9.929865333769056]","[89.86154198646545, 89.88648056983948, 89.85315561294556, 89.33729529380798, 72.76891469955444, 27.155616879463196, 37.66108155250549, 49.526625871658325, 48.37407469749451]","[90.34872055053711, 90.44872522354126, 90.27901887893677, 89.6167516708374, 73.34285974502563, 27.595680952072144, 36.517533659935, 48.74197244644165, 47.20245003700256]",22.413240909576416,538.5390625,2.0
3,gaussian,toys,ind,10.13634725411733,89.96829986572266,90.2850866317749,90.58344960212708,0 days 00:00:00.530005,"[12.625560402870178, 11.274249196052551, 10.13634725411733, 9.185865119099617, 8.611839878559113, 9.117454697688421, 9.85990560906274, 9.989810056984425, 9.943393369515737, 9.96329465508461]","[88.65175247192383, 89.55245018005371, 89.96829986572266, 89.15584087371826, 63.27223777770996, 26.931098103523254, 38.093116879463196, 53.21676731109619, 40.40069282054901, 58.90129804611206]","[89.09251093864441, 90.08811712265015, 90.2850866317749, 89.28601741790771, 64.25955891609192, 27.198192477226257, 40.63977897167206, 54.80089783668518, 42.48557984828949, 60.469263792037964]",23.51840376853943,536.078125,2.0
4,gaussian,toys,ind,10.521163066228231,89.93729948997498,90.3585135936737,90.81305265426636,0 days 00:00:00.663899,"[12.797924995422363, 11.58274656534195, 10.521163066228231, 9.569459021091461, 8.775964951515197, 8.566063533226648, 9.426364208970751, 9.883688382804394, 9.98973497417238, 10.056577402353287]","[89.81911540031433, 89.85012173652649, 89.93729948997498, 89.7032618522644, 84.66554284095764, 40.153154730796814, 30.82948625087738, 46.395400166511536, 46.71903848648071, 40.55319428443909]","[90.19487500190735, 90.26457071304321, 90.3585135936737, 90.3585135936737, 85.32377481460571, 39.81459140777588, 29.706847667694092, 45.541396737098694, 45.030832290649414, 39.04726803302765]",25.07016110420227,538.07421875,2.0
5,gaussian,toys,ind,10.614835917949677,89.96527194976807,90.48880934715272,90.9487247467041,0 days 00:00:00.540828,"[11.822847485542297, 10.614835917949677, 9.591118852297464, 8.71190670132637, 8.19627810716629, 8.839791486660639, 9.65835292850222, 9.787449784576893, 9.757706370618608]","[90.08647799491882, 89.96527194976807, 89.87132906913757, 88.82870078086853, 61.88093423843384, 24.646803736686707, 37.51555681228638, 54.56574559211731, 46.89185321331024]","[90.39790630340576, 90.48880934715271, 90.23054242134094, 89.23013210296631, 62.47352361679077, 24.083933234214783, 37.76489794254303, 55.38286566734314, 47.94897139072418]",21.673689365386963,538.0078125,2.0
1,gaussian,toys,ind,4.947725524122898,89.90093469619751,90.56154489517212,90.8979058265686,0 days 00:00:00.701097,"[12.481630206108093, 11.276245355606079, 10.210934440294901, 9.268795669078827, 8.477527499198914, 7.816480835278829, 7.268205778939383, 6.797414619475603, 6.3360245525836945, 5.920833885669708, 5.549605819312009, 5.226785161842902, 4.947725524122898, 4.701885225517409, 4.484546435872714, 4.287599502131343, 4.113948511726716, 3.9599527708358235, 3.8190557713571347, 3.6923160538077355]","[89.4585132598877, 89.68648314476013, 89.68951106071472, 89.70093131065369, 88.24498653411865, 89.14378881454468, 89.97435569763184, 89.93427157402039, 89.8069977760315, 89.84336256980896, 89.8706316947937, 89.8524522781372, 89.90093469619751, 89.9312436580658, 89.91608619689941, 89.96456861495972, 89.96456861495972, 89.9645745754242, 90.02214074134827, 89.98880982398987]","[89.72354531288147, 90.05920886993408, 89.99184370040894, 89.76457118988037, 88.65641355514526, 89.59580659866333, 90.27063250541687, 90.3918445110321, 90.29487371444702, 90.44032692909241, 90.50700068473816, 90.50700068473816, 90.56154489517212, 90.54872393608093, 90.56153893470764, 90.54336547851562, 90.53357243537903, 90.51002860069275, 90.56154489517212, 90.53356647491455]",42.06549906730652,536.76953125,3.0
2,gaussian,toys,ind,6.493638344109058,90.01678824424744,90.5797243118286,91.00093841552734,0 days 00:00:00.715466,"[12.057636380195618, 10.891913712024689, 9.851560731728872, 8.920208662748337, 8.1219872713089, 7.4776288866996765, 6.954421234982354, 6.493638344109058, 6.055765522850884, 5.661319674551487, 5.315156799825755, 5.010606609284878, 4.743990355959306, 4.510440318712166, 4.302801739176115]","[90.00699520111084, 89.96456861495972, 89.91981744766235, 89.8790180683136, 88.63286972045898, 89.67366218566895, 90.05618095397949, 90.01678824424744, 90.0713324546814, 89.97133374214172, 90.08951783180237, 90.00163674354553, 90.07435441017151, 90.03800749778748, 90.03800749778748]","[90.36993384361267, 90.43660163879395, 90.33660292625427, 90.08741974830627, 89.12237882614136, 90.26853442192078, 90.51608443260193, 90.57972431182861, 90.53053259849548, 90.5093252658844, 90.5275046825409, 90.53053259849548, 90.56386947631836, 90.54872393608093, 90.53053259849548]",33.13299512863159,537.00390625,3.0
3,gaussian,toys,ind,4.371121819530215,89.98951315879822,90.5396282672882,90.98578095436096,0 days 00:00:00.690330,"[12.622957110404968, 11.262280464172363, 10.11698575814565, 9.122048899531364, 8.247453188896179, 7.532600527008374, 6.931785447256906, 6.392685543745756, 5.921599911318885, 5.511615379154682, 5.161460191011429, 4.860246185213327, 4.59772835786526, 4.371121819530215, 4.1742057780424755, 3.99963332246989, 3.8426706659443237, 3.702045682403776, 3.575086516769309, 3.4601588249206543, 3.3535849203666053]","[88.6093258857727, 89.61608409881592, 89.74941968917847, 89.72517251968384, 89.63729739189148, 90.07669687271118, 90.08345007896423, 90.09183645248413, 90.0615394115448, 90.07436633110046, 89.96829986572266, 89.98648524284363, 89.98647928237915, 89.98951315879822, 90.05920886993408, 89.97132778167725, 90.07436633110046, 90.14405608177185, 90.16223549842834, 90.19860625267029, 90.16223549842834]","[89.31978344917297, 90.08811712265015, 90.25105237960815, 90.39347171783447, 90.10932445526123, 90.34872055053711, 90.40023684501648, 90.40023684501648, 90.43357372283936, 90.4153823852539, 90.46690464019775, 90.53660035133362, 90.53660035133362, 90.53962826728821, 90.50326347351074, 90.4608428478241, 90.44265747070312, 90.39114117622375, 90.37296772003174, 90.35477638244629, 90.35477638244629]",43.62785196304321,538.54296875,3.0
4,gaussian,toys,ind,4.994867561118944,90.12587666511536,90.4790222644806,91.01235866546632,0 days 00:00:00.761419,"[12.796637654304504, 11.576552927494049, 10.513939678668976, 9.562560260295868, 8.73594002723694, 8.081038534641266, 7.501026506934847, 7.070755261927843, 6.660831378565894, 6.257548832893372, 5.8845524097030815, 5.550619952380657, 5.255523652984546, 4.9948675611189435, 4.7630927244822185, 4.555425779893994, 4.368134904433699, 4.200761945711242, 4.0493289538119965, 3.912642063945532, 3.78901039489678]","[89.77738618850708, 89.8804247379303, 89.9312436580658, 89.74941968917847, 89.44708704948425, 87.25727796554565, 90.02447724342346, 90.14406204223633, 90.04405736923218, 90.04102349281311, 90.0713324546814, 90.15921354293823, 90.08951187133789, 90.12587666511536, 90.1804268360138, 90.1804268360138, 90.19860029220581, 90.16527533531189, 90.16224145889282, 90.16224145889282, 90.16223549842834]","[90.01002907752991, 90.4251754283905, 90.2214527130127, 90.3517484664917, 89.38065767288208, 87.50526309013367, 90.41607975959778, 90.41841626167297, 90.46993255615234, 90.35478234291077, 90.46083688735962, 90.40629863739014, 90.4608428478241, 90.47902226448059, 90.4608428478241, 90.4608428478241, 90.44265747070312, 90.44265747070312, 90.42447805404663, 90.36993384361267, 90.35477638244629]",43.88028264045715,538.0625,3.0
5,gaussian,toys,ind,5.749062809679243,89.96527791023254,90.53357243537904,91.02214574813844,0 days 00:00:00.703726,"[11.822017192840576, 10.609299719333649, 9.580614507198334, 8.67668241262436, 7.886705660820008, 7.254663243889809, 6.702946467058999, 6.193915531039238, 5.749062809679243, 5.362171186506748, 5.031811758875847, 4.7445205089946585, 4.495156331704213, 4.277304819652012, 4.087519403298696, 3.914809802547097]","[89.96829986572266, 89.9773895740509, 90.04639387130737, 90.02214670181274, 89.7713303565979, 90.01678824424744, 90.05920886993408, 89.99557495117188, 89.96527791023254, 90.05920886993408, 90.12891054153442, 90.1804268360138, 90.10769724845886, 90.19860029220581, 90.09254574775696, 90.08951187133789]","[90.27599096298218, 90.52820205688477, 90.25174975395203, 90.4153823852539, 90.2948796749115, 90.36084413528442, 90.46689867973328, 90.5275046825409, 90.53357243537903, 90.47902822494507, 90.51002860069275, 90.4608428478241, 90.42447805404663, 90.37296772003174, 90.35477638244629, 90.44265747070312]",35.30639171600342,539.453125,3.0
1,gaussian,toys,ind,11.266915559768677,89.79557156562805,90.05618095397949,90.66526889801024,0 days 00:00:00.902231,"[12.47669529914856, 11.266915559768677, 10.202810446421305, 9.259236708283424, 8.545775747299194, 8.723113785187403, 9.203152988638196, 9.5125637575984, 9.692178123527103]","[89.49790596961975, 89.79557156562805, 89.55315351486206, 89.43590521812439, 69.85308527946472, 32.05022215843201, 28.074291348457336, 32.432007789611816, 32.5421929359436]","[89.74335789680481, 90.05618095397949, 89.89790678024292, 89.94336128234863, 71.40018939971924, 30.661475658416748, 28.589463233947754, 33.92059803009033, 33.08030664920807]",26.82579660415649,537.890625,4.0
2,gaussian,toys,ind,10.889206409454346,90.0864839553833,90.4093325138092,90.97902178764345,0 days 00:00:00.905808,"[12.05397880077362, 10.889206409454346, 9.857619007428488, 8.956619128584862, 8.433962905406952, 8.84446856379509, 9.521188386848994, 9.831327550113201, 9.99705374903149]","[89.91305232048035, 90.0864839553833, 89.87739086151123, 88.68157863616943, 55.71809411048889, 28.64837348461151, 28.04287075996399, 33.74192714691162, 39.38111662864685]","[90.39720892906189, 90.4093325138092, 90.35477638244629, 88.90718817710876, 55.524563789367676, 26.997798681259155, 26.641976833343506, 32.09226727485657, 39.26960229873657]",28.223699808120728,538.046875,4.0
3,gaussian,toys,ind,10.139118989308676,89.71072435379028,90.15781879425047,90.50838947296144,0 days 00:00:00.895810,"[12.630955815315247, 11.277724146842957, 10.139118989308676, 9.18526442348957, 8.709109127521515, 9.036283304293951, 9.699473883424487, 10.0629937723279, 10.166853262318504, 10.261337918043136]","[88.89184594154358, 89.669930934906, 89.71072435379028, 88.29946517944336, 52.46174335479736, 25.682422518730164, 28.86248528957367, 47.85536825656891, 50.19793510437012, 46.90803587436676]","[89.30835723876953, 89.96689915657043, 90.15781879425049, 88.80771994590759, 52.04590559005737, 26.017573475837708, 29.661205410957336, 49.93845522403717, 51.71584486961365, 48.364779353141785]",29.2328941822052,536.96875,4.0
4,gaussian,toys,ind,10.512063006560007,90.06527066230774,90.34266471862792,90.91375470161438,0 days 00:00:00.881756,"[12.793955564498901, 11.573890745639801, 10.512063006560007, 9.562052756547928, 8.78895914554596, 8.730793019135794, 9.269367711884636, 9.656928092241287, 9.766265193621317, 9.907929527759553]","[89.63496685028076, 89.93427157402039, 90.06527066230774, 89.90326523780823, 78.18777561187744, 41.06958210468292, 30.346539616584778, 34.310609102249146, 36.50895655155182, 32.90000259876251]","[90.11305570602417, 90.29184579849243, 90.34266471862793, 90.1857852935791, 79.43494319915771, 39.700308442115784, 29.304927587509155, 35.05151569843292, 37.67108917236328, 34.928882122039795]",29.578897953033447,537.9453125,4.0
5,gaussian,toys,ind,10.605266988277435,89.9440586566925,90.43962955474854,90.87668657302856,0 days 00:00:00.893290,"[11.818686723709106, 10.605266988277435, 9.573504904905954, 8.695328518748283, 8.361151611804962, 8.804517596960068, 9.390738138130732, 9.75616043061018, 9.946384105417463]","[90.11748433113098, 89.9440586566925, 89.90326523780823, 87.37568855285645, 44.97395157814026, 24.52608495950699, 24.984177947044373, 31.067663431167603, 32.1712464094162]","[90.36456942558289, 90.43962955474854, 90.4100239276886, 88.0333960056305, 42.71603226661682, 25.028550624847412, 26.53861939907074, 32.064229249954224, 33.17890465259552]",26.992312908172607,538.5234375,4.0
1,gaussian,toys,ind,3.633334308862686,90.01981616020203,90.55175185203552,90.98578095436096,0 days 00:00:01.054962,"[12.478223443031311, 11.262134492397308, 10.195826669534048, 9.25016824901104, 8.467087554931641, 7.839970578749974, 7.230197846889496, 6.698659747838974, 6.226448367039363, 5.810637290775776, 5.450439547950571, 5.135467782616615, 4.8601627602027015, 4.617726881589208, 4.401847745974859, 4.212032645940781, 4.044939276926658, 3.8930313736200333, 3.7567308341201984, 3.633334308862686, 3.5190238001800718, 3.414773114702918, 3.3205158347668857, 3.2345580961555243, 3.1531900626420977, 3.078297250545942, 3.009928028340693]","[89.55851197242737, 89.65314626693726, 89.78578448295593, 89.67739343643188, 86.78194880485535, 89.67133164405823, 89.72657918930054, 89.94638919830322, 90.02820253372192, 89.75851535797119, 89.90094065666199, 89.90093469619751, 89.82821106910706, 89.91608619689941, 89.93123769760132, 90.00700116157532, 89.98881578445435, 90.00163674354553, 90.00163674354553, 90.01981616020203, 90.01678824424744, 90.01981616020203, 90.0683045387268, 90.08647799491882, 90.08951187133789, 90.08951187133789, 90.12587666511536]","[89.7645652294159, 90.02891182899475, 89.97902870178223, 89.92820978164673, 87.0825469493866, 89.90023732185364, 90.01911878585815, 90.22820591926575, 90.47972559928894, 90.40396809577942, 90.44033288955688, 90.53053855895996, 90.52517414093018, 90.52518010139465, 90.54639339447021, 90.54336547851562, 90.53053259849548, 90.54336547851562, 90.54872393608093, 90.55175185203552, 90.53356647491455, 90.49720764160156, 90.53053259849548, 90.54872393608093, 90.54872393608093, 90.53053259849548, 90.53053259849548]",69.70420694351196,538.20703125,5.0
2,gaussian,toys,ind,6.947056915078845,89.91002440452576,90.53053855895996,90.98275303840636,0 days 00:00:01.088720,"[12.062350630760193, 10.905919253826141, 9.869179447491964, 8.936516895890236, 8.15164065361023, 7.533045803507169, 6.947056915078845, 6.4435303546488285, 5.990387343698078, 5.592614986002445, 5.247495763681152, 4.9460871778428555, 4.683452899639423, 4.4540179925305505]","[89.94335532188416, 89.95921015739441, 89.90397453308105, 89.68344926834106, 86.89914345741272, 89.83124494552612, 89.91002440452576, 90.04405736923218, 89.93496298789978, 90.09254574775696, 90.08951187133789, 90.12890458106995, 90.00466465950012, 90.07436633110046]","[90.4039740562439, 90.42145013809204, 90.28205275535583, 90.22983908653259, 87.2721791267395, 90.43053984642029, 90.53053855895996, 90.43357372283936, 90.49416780471802, 90.4608428478241, 90.47902226448059, 90.47902226448059, 90.51235914230347, 90.47902226448059]",42.16794681549072,538.33984375,5.0
3,gaussian,toys,ind,4.320905282029083,90.0107204914093,90.57599306106567,90.98811745643616,0 days 00:00:01.078927,"[12.625928282737732, 11.2633598446846, 10.117464621861776, 9.123800933361053, 8.24514627456665, 7.498389760653178, 6.855887298073087, 6.3080332688987255, 5.843584605389172, 5.4391009822487835, 5.095294168049639, 4.800767635305722, 4.543312527812445, 4.320905282029083, 4.12545207242171, 3.951712880283594, 3.798328510102104, 3.659050091273255, 3.5342050014357818, 3.4225739650428295, 3.3195048308088664]","[88.63962888717651, 89.63799476623535, 89.84639048576355, 89.7046685218811, 89.8652732372284, 90.2342677116394, 90.03729820251465, 89.99183773994446, 90.12587666511536, 90.03798961639404, 90.00466465950012, 89.97132778167725, 90.00769257545471, 90.0107204914093, 90.04405736923218, 90.05920886993408, 90.19557237625122, 90.16224145889282, 90.1773989200592, 90.1804268360138, 90.16224145889282]","[89.23423290252686, 90.03962874412537, 90.18206000328064, 90.12307524681091, 90.24639129638672, 90.29114246368408, 90.44265747070312, 90.37901759147644, 90.39417505264282, 90.41841626167297, 90.43660163879395, 90.53962826728821, 90.50326347351074, 90.57599306106567, 90.49720168113708, 90.40629863739014, 90.42750597000122, 90.39114117622375, 90.36760926246643, 90.35477638244629, 90.36993384361267]",58.27475881576538,540.51953125,5.0
4,gaussian,toys,ind,7.1444137915968895,89.96829986572266,90.55175185203552,91.03193879127502,0 days 00:00:01.102023,"[12.795098781585693, 11.57373160123825, 10.51256787776947, 9.56091195344925, 8.737410724163055, 8.150777647892633, 7.637299733502524, 7.1444137915968895, 6.706695867909326, 6.29579866528511, 5.916206369345838, 5.579807790617148, 5.27858611368216, 5.012807109526226, 4.777135361234347]","[89.8039698600769, 89.80769515037537, 90.08042216300964, 89.9773895740509, 87.47868537902832, 80.78179955482483, 90.08275866508484, 89.96829986572266, 90.07435441017151, 90.13193845748901, 90.08951187133789, 90.04102945327759, 90.10769724845886, 90.10769724845886, 90.11071920394897]","[90.14639258384705, 90.3009295463562, 90.3433620929718, 90.43962955474854, 88.02317380905151, 81.44786953926086, 90.47296643257141, 90.55175185203552, 90.46387076377869, 90.51235914230347, 90.53053259849548, 90.47902226448059, 90.51538705825806, 90.49720764160156, 90.47902226448059]",45.23314881324768,537.68359375,5.0
5,gaussian,toys,ind,6.077846318483353,89.89859819412231,90.53357243537904,91.01678133010864,0 days 00:00:01.065858,"[11.82001519203186, 10.606570065021515, 9.56467592716217, 8.655186489224434, 7.879264092445373, 7.179261619846026, 6.585085800715855, 6.077846318483353, 5.635000937514835, 5.256649272143841, 4.932714650576765, 4.651942907522122, 4.407900654352629, 4.194804149014609, 4.008068173130353]","[89.84405994415283, 90.04405736923218, 89.67739343643188, 89.69557285308838, 89.91072177886963, 89.98042345046997, 89.96224403381348, 89.89859819412231, 90.00466465950012, 90.04102945327759, 90.12891054153442, 90.14406204223633, 90.14708399772644, 90.21679162979126, 90.16224145889282]","[90.45851230621338, 90.34266471862793, 90.34498929977417, 90.12447595596313, 90.44265747070312, 90.33054113388062, 90.39720892906189, 90.53357243537903, 90.53053855895996, 90.43427109718323, 90.41607975959778, 90.42447805404663, 90.4608428478241, 90.4426634311676, 90.45548439025879]",43.57806038856506,538.703125,5.0
1,gaussian,toys,ind,10.218694766362509,89.62750434875488,90.1759922504425,90.61235785484314,0 days 00:00:01.271052,"[12.47974944114685, 11.27644568681717, 10.218694766362509, 9.277864947915077, 8.548160409927368, 8.438058495521545, 9.260761618614197, 9.739031806588173, 9.811809539794922, 9.809930086135864]","[89.48578238487244, 89.63497281074524, 89.62750434875488, 89.12144303321838, 80.25487065315247, 45.95532417297363, 30.078724026679993, 42.46169328689575, 54.10894751548767, 50.59189200401306]","[89.72284197807312, 90.11608362197876, 90.1759922504425, 89.63729739189148, 80.7424008846283, 46.83518409729004, 29.506799578666687, 42.584967613220215, 54.99846935272217, 50.98591446876526]",37.35715126991272,537.9609375,6.0
2,gaussian,toys,ind,12.06617546081543,89.88345265388489,90.46154022216795,91.07436537742616,0 days 00:00:01.249658,"[12.06617546081543, 10.910740733146667, 9.877729852994284, 8.970962241292, 8.378865349292756, 8.588744034369787, 9.351381412574224, 9.777363009750843]","[89.88345265388489, 89.83193635940552, 89.85314965248108, 88.5579764842987, 69.19761896133423, 33.30844044685364, 30.08214235305786, 43.85490417480469]","[90.46154022216797, 90.40629863739014, 90.27832746505737, 89.15526866912842, 69.42610740661621, 32.5827032327652, 29.655787348747253, 42.40029752254486]",32.55072784423828,538.5234375,6.0
3,gaussian,toys,ind,10.139292617638906,89.83193635940552,90.1426613330841,90.48648476600648,0 days 00:00:01.390377,"[12.631119847297668, 11.276717483997345, 10.139292617638906, 9.182620897889137, 8.670972096920014, 8.92424002289772, 9.612335281712669, 9.970716156065464, 10.111145582464006, 10.243699663877488]","[88.63356709480286, 89.73053693771362, 89.83193635940552, 88.6164903640747, 61.4987313747406, 29.31969165802002, 30.87213933467865, 49.316442012786865, 47.00312614440918, 48.854899406433105]","[89.21372294425964, 90.0843858718872, 90.1426613330841, 88.5918140411377, 63.03166747093201, 30.40112555027008, 32.26344287395477, 51.158201694488525, 48.20511341094971, 48.778653144836426]",39.42146134376526,539.5,6.0
4,gaussian,toys,ind,10.53159119685491,90.06760120391846,90.36457538604736,90.82517623901369,0 days 00:00:01.365916,"[12.801200866699219, 11.586438596248627, 10.53159119685491, 9.581371381878853, 8.807623171806336, 8.539011508226395, 9.331701236111778, 9.932817168533802, 10.057267275121477, 10.090346759557724]","[89.65618014335632, 89.95618224143982, 90.06760120391846, 89.6494209766388, 83.49876999855042, 46.460115909576416, 26.13661289215088, 36.78969144821167, 49.987560510635376, 47.388243675231934]","[90.12820720672607, 90.26760458946228, 90.36457538604736, 90.2039647102356, 83.24548602104187, 47.25123643875122, 25.227895379066467, 35.799503326416016, 51.08482241630554, 48.19919764995575]",38.16999173164368,540.109375,6.0
5,gaussian,toys,ind,9.588340123494469,90.131938457489,90.42750597000122,90.6972110271454,0 days 00:00:01.413724,"[11.818907260894775, 10.615304827690125, 9.588340123494467, 8.721630573272705, 8.236379969120026, 8.569590866565704, 9.326460770198278, 9.681018739938736, 9.7890428437127, 9.955232191085816]","[90.15920758247375, 90.12284278869629, 90.13193845748901, 87.54578828811646, 63.74155282974243, 28.19700837135315, 26.192545890808105, 40.952494740486145, 40.886399149894714, 34.21284854412079]","[90.22750854492188, 90.33729434013367, 90.42750597000122, 88.07942271232605, 66.1148726940155, 27.059826254844666, 25.661346316337585, 40.9035861492157, 40.4404491186142, 34.82110798358917]",38.31123113632202,539.51953125,6.0
1,gaussian,toys,copula,4.350409651441233,89.92587924003601,90.58880805969238,90.9645676612854,0 days 00:00:00.360785,"[12.45932161808014, 11.239193499088287, 10.18552831808726, 9.221262782812119, 8.353785729408264, 7.584761669238408, 6.9240787369864325, 6.361800108104944, 5.885547124677235, 5.483538365364074, 5.135325666178357, 4.835301761825879, 4.575568356193029, 4.350409651441233, 4.151936681071917, 3.976587951183319, 3.821057784206727, 3.6805734410881996, 3.5559489938773607, 3.4419111251831054, 3.338637195172764]","[89.51911330223083, 89.6743655204773, 89.79859948158264, 89.57132697105408, 89.86223340034485, 89.66830372810364, 89.74941968917847, 89.86456990242004, 89.74941968917847, 89.87972736358643, 89.87972140312195, 89.90699648857117, 90.09790420532227, 89.92587924003601, 89.94103074073792, 90.05618095397949, 90.0864839553833, 90.10769724845886, 90.15920758247375, 89.99860286712646, 89.96527194976807]","[89.69486951828003, 90.13193845748901, 90.14103412628174, 90.14032483100891, 90.15315175056458, 90.28578400611877, 90.49557447433472, 90.28578400611877, 90.47971963882446, 90.54639339447021, 90.40932655334473, 90.35244584083557, 90.54639339447021, 90.58880805969238, 90.51002860069275, 90.5244767665863, 90.47366380691528, 90.51002860069275, 90.54033756256104, 90.4706358909607, 90.47366380691528]",31.469691276550293,593.375,1.0
2,gaussian,toys,copula,10.881014466285706,90.01072645187378,90.56153893470764,91.01608991622923,0 days 00:00:00.379441,"[12.047128319740295, 10.881014466285706, 9.834230840206146, 8.871530696749687, 8.011561942100524, 7.268636246522267, 6.632408793483462, 6.09544113278389, 5.642806013425191]","[89.919114112854, 90.01072645187378, 90.05618095397949, 89.88275527954102, 90.11678695678711, 90.02284407615662, 89.91678953170776, 90.01375436782837, 89.85315561294556]","[90.44569730758667, 90.56153893470764, 90.55478572845459, 90.54335951805115, 90.44569134712219, 90.42145013809204, 90.24872183799744, 90.49720764160156, 90.43123722076416]",19.564274787902832,592.82421875,1.0
3,gaussian,toys,copula,5.306685447692871,90.0531530380249,90.59720039367676,91.01981520652772,0 days 00:00:00.376545,"[12.624881863594055, 11.263638973236084, 10.104029297828674, 9.073360115289688, 8.15999727845192, 7.373641903201739, 6.718605322497232, 6.165964625775814, 5.7012563198804855, 5.306685447692871, 4.970870826732028, 4.686108134686947, 4.4382399389377, 4.226675099560192, 4.037668552001318, 3.8690334046259522, 3.7187357203048816]","[88.52145075798035, 89.43963050842285, 89.713054895401, 90.0797188282013, 89.94335532188416, 89.97668623924255, 90.08950591087341, 90.1349663734436, 89.95315432548523, 90.0531530380249, 89.96829986572266, 89.99254703521729, 90.16224145889282, 90.07436633110046, 90.07739424705505, 90.15920758247375, 90.17739295959473]","[89.23726081848145, 90.00559449195862, 90.21235704421997, 90.23590683937073, 90.31235575675964, 90.30629992485046, 90.30396342277527, 90.38881063461304, 90.32750725746155, 90.59720039367676, 90.41841626167297, 90.37296772003174, 90.4275119304657, 90.4578149318695, 90.32145142555237, 90.4426634311676, 90.39720296859741]",26.906653881073,596.55078125,1.0
4,gaussian,toys,copula,5.697859935462475,90.0895059108734,90.62448143959044,91.08206033706664,0 days 00:00:00.368207,"[12.802024006843567, 11.580635011196136, 10.518320580323538, 9.55156971514225, 8.659830009937286, 7.874530280629794, 7.193823920828955, 6.616050370037556, 6.120612912707859, 5.697859935462475, 5.335761433297938, 5.025999493896961, 4.7541905011122045, 4.519966809877327, 4.309703534841537, 4.126076217740774, 3.9621404023731457]","[89.55315351486206, 89.93729948997498, 89.87739086151123, 89.94334936141968, 89.8857831954956, 89.9773895740509, 90.14406204223633, 90.0864839553833, 90.18648266792297, 90.08950591087341, 90.08951187133789, 90.21375775337219, 90.10466933250427, 90.28952121734619, 90.14103412628174, 89.99860286712646, 90.18951058387756]","[89.81072306632996, 90.39790630340576, 90.33963084220886, 90.40699601173401, 90.47366380691528, 90.33053517341614, 90.44871926307678, 90.51608443260193, 90.46993255615234, 90.62448143959045, 90.49113988876343, 90.44872522354126, 90.48509001731873, 90.50023555755615, 90.38578271865845, 90.39720892906189, 90.49720764160156]",26.77462363243103,596.19140625,1.0
5,gaussian,toys,copula,8.60459879040718,89.95012044906616,90.6009316444397,90.96084237098694,0 days 00:00:00.362324,"[11.847036361694336, 10.62406063079834, 9.562712649504343, 8.60459879040718, 7.754709494113922, 7.026883035898209, 6.409059567110879, 5.891497530043125, 5.454469116197692, 5.084788581728935, 4.768963240764358]","[89.75851535797119, 89.90163207054138, 90.00163674354553, 89.95012044906616, 90.05618095397949, 90.08345007896423, 90.04405736923218, 90.07436633110046, 90.12891054153442, 90.15617966651917, 90.15920758247375]","[90.4184103012085, 90.56386947631836, 90.39790630340576, 90.6009316444397, 90.56153893470764, 90.36760330200195, 90.51539301872253, 90.52517414093018, 90.44032692909241, 90.43053984642029, 90.38275480270386]",22.26940989494324,593.30859375,1.0
1,gaussian,toys,copula,11.244905471801758,89.50769305229187,90.14032483100893,90.82517623901369,0 days 00:00:00.663129,"[12.47048532962799, 11.244905471801758, 10.181878904501596, 9.237122908234596, 8.445785927772523, 8.147923767566681, 8.841883489063807, 9.38893909752369, 9.477537274360657]","[89.36154246330261, 89.50769305229187, 89.69184160232544, 89.54336047172546, 84.83550548553467, 49.30501878261566, 28.580385446548462, 44.42359805107117, 55.92464804649353]","[89.62587714195251, 90.14032483100891, 90.06457328796387, 89.90397453308105, 85.68826913833618, 48.77955615520477, 28.43257486820221, 43.905630707740784, 55.748891830444336]",22.35035753250122,596.14453125,2.0
2,gaussian,toys,copula,10.901368796825407,89.9440586566925,90.4251754283905,90.96457362174988,0 days 00:00:00.739087,"[12.05813455581665, 10.901368796825409, 9.856537580490112, 8.932953506708145, 8.225252485275268, 8.340902050336203, 9.34236672946385, 9.776271596550941, 9.896772424379984]","[89.97435569763184, 89.9440586566925, 89.9312436580658, 89.69253897666931, 76.97997093200684, 31.899988651275635, 33.34241509437561, 48.08494448661804, 52.01495885848999]","[90.41841626167297, 90.4251754283905, 90.34872055053711, 89.82914090156555, 77.19787359237671, 31.198972463607788, 32.21735656261444, 47.413039207458496, 51.08616352081299]",23.04109239578247,596.5625,2.0
3,gaussian,toys,copula,10.127209067344666,89.68881368637085,90.18811583518982,90.64103364944458,0 days 00:00:00.670106,"[12.629104137420654, 11.27276885509491, 10.127209067344666, 9.162631466984749, 8.505609858036042, 8.767484416564306, 9.569686949253082, 9.95123489946127, 10.112053745322758, 10.25733750462532]","[88.63660097122192, 89.4820511341095, 89.68881368637085, 89.01442289352417, 69.85633969306946, 31.25593364238739, 36.679813265800476, 48.13891351222992, 47.45406210422516, 45.04065215587616]","[89.18947577476501, 90.07226824760437, 90.18811583518982, 89.3622100353241, 71.14392518997192, 31.453457474708557, 39.13250267505646, 49.46949481964111, 48.974087834358215, 46.451953053474426]",24.286645650863647,593.06640625,2.0
4,gaussian,toys,copula,10.50874408086141,89.76760506629944,90.45245051383972,90.91911911964417,0 days 00:00:00.558672,"[12.794344902038574, 11.570795595645905, 10.50874408086141, 9.549523800611496, 8.72970187664032, 8.293565104405085, 8.883165078503746, 9.584661923348904, 9.822280837429894, 9.902438837289811]","[89.76223468780518, 90.01002907752991, 89.76760506629944, 89.72517251968384, 87.33932375907898, 55.88526725769043, 26.728585362434387, 41.02325737476349, 52.70399451255798, 49.37063157558441]","[90.28275609016418, 90.36760330200195, 90.45245051383972, 90.2524471282959, 87.60036826133728, 54.83653545379639, 26.083123683929443, 39.45777714252472, 50.97256898880005, 47.741350531578064]",23.55509781837464,594.9921875,2.0
5,gaussian,toys,copula,10.61903190612793,89.95921015739441,90.48880934715272,90.96760749816896,0 days 00:00:00.630892,"[11.83230471611023, 10.61903190612793, 9.583663483460745, 8.691190406680107, 8.068246698379516, 8.305111090342203, 9.18545571395329, 9.498820215463638, 9.494436846839058]","[89.95012044906616, 89.95921015739441, 89.97668623924255, 89.17036652565002, 72.05703258514404, 32.513225078582764, 32.59038031101227, 52.25558280944824, 52.59298086166382]","[90.27366042137146, 90.48880934715271, 90.26387333869934, 89.61954712867737, 72.70380854606628, 32.018300890922546, 32.450735569000244, 53.32040190696716, 52.90571451187134]",22.48202085494995,595.51171875,2.0
1,gaussian,toys,copula,3.7756513856351375,90.00163674354553,90.55175185203552,90.96760153770448,0 days 00:00:00.751766,"[12.468183398246765, 11.249591708183289, 10.189750035603842, 9.251463502645493, 8.495057427883149, 7.882240613301595, 7.3220498604433875, 6.859405685216188, 6.439210606945886, 6.033471381664276, 5.67253630946983, 5.347537662833929, 5.064321388418858, 4.810938812792301, 4.586421872178714, 4.3880763771012425, 4.210623452768607, 4.052297540836864, 3.9065693020820618, 3.7756513856351375, 3.6542505281312123, 3.5437524833462457, 3.4424314822839652, 3.351144788786769, 3.2656073468923568, 3.1857475598271074, 3.114844678176774]","[89.46690559387207, 89.65920805931091, 89.6463930606842, 89.47669267654419, 87.0438277721405, 86.76018118858337, 89.76759910583496, 89.80466723442078, 89.89487886428833, 89.97366428375244, 89.87668752670288, 89.8888111114502, 89.8857831954956, 89.91912007331848, 89.91608023643494, 89.93427157402039, 89.91608619689941, 89.93427157402039, 89.98042345046997, 90.00163674354553, 90.00164270401001, 90.05314707756042, 90.05314707756042, 90.00164270401001, 90.01981616020203, 90.07435441017151, 90.05618095397949]","[89.75384831428528, 90.05618095397949, 89.91608023643494, 89.64335918426514, 86.88694834709167, 87.64738440513611, 90.08578062057495, 90.3009295463562, 90.35244584083557, 90.30396342277527, 90.54336547851562, 90.4706358909607, 90.54336547851562, 90.54336547851562, 90.52517414093018, 90.54871797561646, 90.54336547851562, 90.52518010139465, 90.54872393608093, 90.55175185203552, 90.51538705825806, 90.51538705825806, 90.51538705825806, 90.53356647491455, 90.49720168113708, 90.51538705825806, 90.4608428478241]",54.6463508605957,595.91015625,3.0
2,gaussian,toys,copula,6.157486445373959,90.06527066230774,90.53356647491456,90.92517495155334,0 days 00:00:00.830259,"[12.06052553653717, 10.910160720348358, 9.876855373382568, 8.962187618017197, 8.1987917304039, 7.5712840259075165, 7.014631173440388, 6.5692398473620415, 6.157486445373959, 5.7684985741972925, 5.414949184114283, 5.106848116964102, 4.833261583860104, 4.598100560052054, 4.385237584511439, 4.199475777335465]","[90.00163674354553, 89.90163207054138, 90.02517461776733, 89.7379994392395, 87.96290755271912, 88.21708559989929, 89.97366428375244, 90.01375436782837, 90.06527066230774, 90.05618095397949, 90.03798961639404, 90.00466465950012, 90.01981616020203, 90.01981616020203, 90.01981616020203, 90.01981616020203]","[90.45477509498596, 90.39720892906189, 90.41538834571838, 90.0972068309784, 88.1074607372284, 88.8641893863678, 90.43053984642029, 90.53053259849548, 90.53356647491455, 90.5093252658844, 90.49113988876343, 90.5275046825409, 90.49416780471802, 90.4941737651825, 90.53053259849548, 90.51235914230347]",37.06021571159363,594.23828125,3.0
3,gaussian,toys,copula,4.640014357291735,89.96829986572266,90.5396282672882,90.97599387168884,0 days 00:00:00.719905,"[12.627638220787048, 11.280699014663696, 10.14102590084076, 9.1610686480999, 8.311058306694031, 7.583028495311737, 6.98670899442264, 6.443976495414972, 5.9742966327402325, 5.564360445737838, 5.2121811509132385, 4.9061567063132925, 4.640014357291735, 4.4143518922584395, 4.2130949139595035, 4.0336584178730845, 3.8735051610890556, 3.7295364066958427, 3.5998597396047494, 3.486423184722662]","[88.82215023040771, 89.55780863761902, 89.6820604801178, 89.66456651687622, 89.71609473228455, 90.17739295959473, 90.07366299629211, 90.07366299629211, 90.05618095397949, 90.13193845748901, 90.00768661499023, 90.02284407615662, 89.96829986572266, 89.98647928237915, 90.00769257545471, 90.05921483039856, 90.04102945327759, 90.02890586853027, 90.09254574775696, 90.11375308036804]","[89.3857479095459, 89.99720811843872, 90.20187258720398, 90.31165838241577, 90.12891054153442, 90.37668704986572, 90.5184268951416, 90.44872522354126, 90.45174717903137, 90.45174717903137, 90.39720892906189, 90.5184268951416, 90.53962826728821, 90.46993255615234, 90.52144885063171, 90.48205614089966, 90.42750597000122, 90.46083688735962, 90.36993384361267, 90.43962955474854]",42.85370635986328,595.7734375,3.0
4,gaussian,toys,copula,6.783550881677204,90.10164141654968,90.57296514511108,90.99113941192628,0 days 00:00:00.731118,"[12.792907118797302, 11.567436754703522, 10.506382703781128, 9.560022681951523, 8.755144548416137, 8.136175890763601, 7.605678515774863, 7.131838828325272, 6.783550881677204, 6.436878305673599, 6.085237129168077, 5.754264255364736, 5.452178557331745, 5.178942621818611, 4.939005145430565, 4.722296577878296]","[89.72890973091125, 89.90699052810669, 89.74032402038574, 89.95851278305054, 88.24126124382019, 83.71002674102783, 88.19661140441895, 89.88275527954102, 90.10164141654968, 90.07738828659058, 90.04405736923218, 90.11375308036804, 90.1804268360138, 90.1834487915039, 90.09557366371155, 90.15011787414551]","[89.91608619689941, 90.44033288955688, 90.25781750679016, 90.24568796157837, 88.84895443916321, 83.84007811546326, 88.89509439468384, 90.38551449775696, 90.57296514511108, 90.44265747070312, 90.42750597000122, 90.46387076377869, 90.47902226448059, 90.47902226448059, 90.47902226448059, 90.51538705825806]",35.52254033088684,595.42578125,3.0
5,gaussian,toys,copula,5.802027679151959,89.9016261100769,90.58508276939392,90.9547746181488,0 days 00:00:00.762784,"[11.828538298606873, 10.613281488418579, 9.575131177902222, 8.683829441666603, 7.946423327922821, 7.284118577837944, 6.735867866447994, 6.241827197372913, 5.8020276791519585, 5.414505191147327, 5.082468154755506, 4.788256251563628, 4.537522189892256, 4.314170381852558, 4.119526593883832, 3.9443771075457335]","[89.82517719268799, 89.97739553451538, 90.08345007896423, 89.58275318145752, 89.23659920692444, 89.95921015739441, 90.11608958244324, 90.00164270401001, 89.9016261100769, 90.038001537323, 90.09254574775696, 90.09557366371155, 90.16224145889282, 90.16527533531189, 90.14406204223633, 90.12587666511536]","[90.14265537261963, 90.45547842979431, 90.25174975395203, 90.33660292625427, 89.52378034591675, 90.36456942558289, 90.53962826728821, 90.42447805404663, 90.58508276939392, 90.43962955474854, 90.49720764160156, 90.43962955474854, 90.4608428478241, 90.40629863739014, 90.40629863739014, 90.38275480270386]",35.92632722854614,594.03125,3.0
1,gaussian,toys,copula,11.249011099338531,89.54941630363464,90.05314707756042,90.69860577583312,0 days 00:00:01.029864,"[12.471505403518677, 11.249011099338531, 10.18450274070104, 9.237891286611557, 8.47680059671402, 8.722021768490473, 9.471535435744695, 9.709984324872494, 9.77690420548121]","[89.39790725708008, 89.54941630363464, 89.59487676620483, 89.42983746528625, 74.780935049057, 32.53318965435028, 33.7922066450119, 47.600629925727844, 48.25708270072937]","[89.67599272727966, 90.05314707756042, 89.87971544265747, 90.03123641014099, 76.06613039970398, 31.610804796218872, 32.16175436973572, 48.09858500957489, 49.04671907424927]",28.737085819244385,597.09765625,4.0
2,gaussian,toys,copula,12.057546854019163,89.85314965248108,90.53357243537904,91.00396633148192,0 days 00:00:00.979480,"[12.057546854019165, 10.899398684501648, 9.863828798135122, 8.950130969285965, 8.360670065879821, 8.92637324333191, 9.69136827332633, 9.956102594733238]","[89.85314965248108, 89.9039626121521, 89.99254703521729, 89.45078253746033, 59.64953899383545, 23.133884370326996, 31.04570508003235, 39.89757299423218]","[90.53357243537903, 90.2850866317749, 90.3615415096283, 89.28918838500977, 60.579121112823486, 21.96139246225357, 29.07782793045044, 39.14567530155182]",26.079630851745605,595.16796875,4.0
3,gaussian,toys,copula,10.133711040019987,89.90395665168762,90.2093231678009,90.5568778514862,0 days 00:00:00.940404,"[12.629377126693726, 11.279119968414307, 10.133711040019989, 9.176655650138855, 8.715918433666229, 9.28921060760816, 9.870590576103755, 10.072660259902477, 10.185571120844948, 10.319989305734634]","[88.63589763641357, 89.50700163841248, 89.90395665168762, 88.18656802177429, 46.27281725406647, 21.75016701221466, 37.83242106437683, 50.46225190162659, 46.37003540992737, 45.67039906978607]","[89.25078511238098, 89.92074131965637, 90.2093231678009, 88.70176672935486, 46.84945046901703, 23.175720870494843, 40.27858376502991, 52.34869718551636, 47.01976478099823, 47.08351194858551]",30.442079305648804,596.2421875,4.0
4,gaussian,toys,copula,11.569065988063812,90.21002650260924,90.3585135936737,90.88205099105836,0 days 00:00:01.064671,"[12.79357624053955, 11.569065988063812, 10.509114483992258, 9.560705825686455, 8.755535292625428, 8.767612785100937, 9.540031697068896, 9.902273185551167, 10.014706273873648]","[89.88952040672302, 90.21002650260925, 89.99790549278259, 89.75478410720825, 80.66487312316895, 32.21072554588318, 28.02792489528656, 38.44448626041412, 39.21218514442444]","[90.12145400047302, 90.3585135936737, 90.34568667411804, 90.1554822921753, 80.78128099441528, 31.587830185890198, 27.35666036605835, 38.22430968284607, 38.16901445388794]",28.21422052383423,595.27734375,4.0
5,gaussian,toys,copula,9.57963103055954,89.84779119491577,90.42820334434508,90.63356518745422,0 days 00:00:00.902866,"[11.83267605304718, 10.619191765785217, 9.57963103055954, 8.688071221113205, 8.298220658302307, 9.032247722148895, 9.723998699869428, 9.940137088298798, 9.987240433692932, 10.014627385139466]","[89.7615373134613, 90.00163674354553, 89.84779119491577, 88.01075220108032, 48.36140275001526, 20.65698504447937, 29.23741638660431, 42.29709804058075, 46.13620042800903, 44.62290108203888]","[90.18275141716003, 90.36387205123901, 90.42820334434509, 88.51925730705261, 48.120152950286865, 19.921235740184784, 28.51538062095642, 42.47035086154938, 46.39345407485962, 47.07457423210144]",29.73382687568665,596.49609375,4.0
1,gaussian,toys,copula,4.977347417601517,89.91608619689941,90.5797243118286,90.8979058265686,0 days 00:00:01.151610,"[12.46945858001709, 11.245721578598022, 10.18664926290512, 9.240475997328758, 8.515126013755799, 8.07580186923345, 7.578521132469177, 7.109416399151087, 6.660741173558765, 6.248209092020988, 5.872517316178842, 5.537445419778426, 5.241576789663388, 4.977347417601517, 4.744693791866302, 4.534584850072861, 4.347966360695222, 4.181568339467049, 4.031560566864516, 3.8948465928435327, 3.769220394747598]","[89.53124284744263, 89.6713376045227, 89.72215056419373, 89.32284116744995, 80.63268065452576, 82.19835758209229, 89.78042602539062, 89.95012044906616, 89.99254703521729, 89.81305360794067, 89.92820978164673, 89.8888111114502, 89.88275527954102, 89.91608619689941, 89.91305232048035, 89.9645745754242, 89.94941711425781, 90.00396728515625, 89.96760845184326, 90.03496766090393, 90.03496766090393]","[89.6494209766388, 89.92517590522766, 89.9366021156311, 89.67366218566895, 80.15747666358948, 84.30783748626709, 90.17529487609863, 90.2524471282959, 90.32214879989624, 90.35548567771912, 90.48881530761719, 90.48881530761719, 90.50700068473816, 90.57972431182861, 90.54336547851562, 90.53357243537903, 90.54872393608093, 90.55175185203552, 90.53356647491455, 90.51538705825806, 90.53356647491455]",61.19433355331421,595.328125,5.0
2,gaussian,toys,copula,12.056318163871763,89.89557027816772,90.56386947631836,91.00093245506288,0 days 00:00:01.167974,"[12.056318163871765, 10.89038759469986, 9.849169989426931, 8.929133594036102, 8.209862911701203, 7.758600562810898, 7.322611629962921, 6.914729759097099]","[89.89557027816772, 90.038001537323, 90.17972946166992, 89.47668671607971, 82.06811547279358, 80.23785948753357, 89.71917033195496, 90.12284278869629]","[90.56386947631836, 90.40327072143555, 90.27972221374512, 90.15478491783142, 82.45173692703247, 83.53883028030396, 89.93406295776367, 90.475994348526]",28.57545042037964,594.2734375,5.0
3,gaussian,toys,copula,4.610846269589204,89.98951315879822,90.5396282672882,91.05245471000671,0 days 00:00:01.119318,"[12.635408878326416, 11.281581461429596, 10.136837800343832, 9.156696379184723, 8.316920113563537, 7.60130853454272, 6.958158799580166, 6.40849120169878, 5.933523641692267, 5.5236322894692425, 5.171233859929171, 4.873302845905225, 4.610846269589204, 4.388216947870595, 4.189581752816836, 4.012384343892336, 3.8541317722376656, 3.7117399639553494, 3.583441031606574, 3.4711475901305677]","[88.81841897964478, 89.82144594192505, 89.74941968917847, 89.68275189399719, 89.66760039329529, 89.93427157402039, 90.05244970321655, 90.02517461776733, 90.05618095397949, 90.0713324546814, 89.96829986572266, 90.00769257545471, 89.98951315879822, 89.95314836502075, 90.00769257545471, 90.06224274635315, 90.04102945327759, 90.07738828659058, 90.12891054153442, 90.07133841514587]","[89.43259716033936, 89.98438715934753, 90.21841287612915, 89.85943794250488, 90.1790201663971, 90.43053388595581, 90.50023555755615, 90.46689867973328, 90.38205146789551, 90.46387076377869, 90.48205614089966, 90.52145481109619, 90.53962826728821, 90.52145481109619, 90.40932655334473, 90.42447209358215, 90.44265747070312, 90.36993384361267, 90.36993384361267, 90.40629267692566]",58.17029356956482,595.328125,5.0
4,gaussian,toys,copula,5.752227909862995,90.09254574775696,90.54872393608092,90.96689820289612,0 days 00:00:01.147636,"[12.79194438457489, 11.56570953130722, 10.500870744387308, 9.548360243439674, 8.739850950241088, 8.277426739533743, 7.927899445806231, 7.612066112458706, 7.338143825531006, 7.027802103757859, 6.694960878653959, 6.359920206169288, 6.045329786263979, 5.752227909862995, 5.4837029794851935, 5.241909891366959, 5.022914958350799, 4.824678863916132, 4.642432644178993, 4.478260624408722, 4.32562005448909]","[89.80769515037537, 89.91002440452576, 89.9538516998291, 89.91142511367798, 85.53770184516907, 74.93597865104675, 79.28663492202759, 89.7237777709961, 90.02890586853027, 90.08951187133789, 90.12891054153442, 90.03193974494934, 90.0713324546814, 90.09254574775696, 90.0713324546814, 90.04102349281311, 90.09254574775696, 90.10769724845886, 90.08951783180237, 90.10769724845886, 90.12587666511536]","[90.17972350120544, 90.443354845047, 90.3615415096283, 90.45780897140503, 86.17187738418579, 76.68672204017639, 80.31202554702759, 90.13493657112122, 90.49720764160156, 90.475994348526, 90.51842093467712, 90.51538705825806, 90.47902226448059, 90.54872393608093, 90.53357243537903, 90.4608428478241, 90.4608428478241, 90.49720764160156, 90.42447805404663, 90.44265747070312, 90.4426634311676]",59.127885818481445,596.82421875,5.0
5,gaussian,toys,copula,5.78004523118337,90.01981616020203,90.54872393608092,90.97296595573424,0 days 00:00:01.201656,"[11.831254243850708, 10.616774499416351, 9.577036003271738, 8.679061457514763, 7.964484620094299, 7.3364324271678925, 6.748298806803567, 6.230885587632656, 5.78004523118337, 5.39176280349493, 5.056628594344312, 4.768097350994746, 4.518727394250723, 4.296886772981712, 4.105469623208046, 3.93360663484782]","[89.83193635940552, 90.17133116722107, 90.0130569934845, 89.78951573371887, 88.27548027038574, 89.9137556552887, 90.02587795257568, 89.98951315879822, 90.01981616020203, 90.01981616020203, 90.13193845748901, 90.1804268360138, 90.1804268360138, 90.10769724845886, 90.12284278869629, 90.08951783180237]","[90.26154279708862, 90.30629992485046, 90.2214527130127, 90.18205404281616, 89.08941149711609, 90.47902226448059, 90.4941737651825, 90.52145481109619, 90.54872393608093, 90.49720764160156, 90.53356647491455, 90.47902226448059, 90.4608428478241, 90.45548439025879, 90.42447805404663, 90.38811326026917]",49.08265280723572,595.27734375,5.0
1,gaussian,toys,copula,11.246318876743317,89.61071968078613,90.11002779006958,90.75244665145874,0 days 00:00:01.413422,"[12.467286467552185, 11.246318876743317, 10.186188558737436, 9.241735503077507, 8.474952113628387, 8.227943271398544, 8.830844410828181, 9.598363660275936, 9.960635178618961]","[89.51608538627625, 89.61071968078613, 89.54638838768005, 89.42258954048157, 80.09113073348999, 50.75724124908447, 27.24582552909851, 24.932517111301422, 41.50250554084778]","[89.77366089820862, 90.11002779006958, 90.0699257850647, 89.73729610443115, 80.7375431060791, 51.43412947654724, 26.59802734851837, 24.74290281534195, 42.381808161735535]",34.830730676651,596.35546875,6.0
2,gaussian,toys,copula,12.06144368648529,89.98951315879822,90.46690464019775,91.05244278907776,0 days 00:00:01.471841,"[12.06144368648529, 10.908041000366211, 9.878607471783956, 8.967834129929543, 8.298552179336548, 8.358424574136734, 9.174862563610077, 9.79926747828722]","[89.98951315879822, 90.10466933250427, 90.01376032829285, 89.21365141868591, 73.94598722457886, 37.69966661930084, 27.45937407016754, 39.40663039684296]","[90.46690464019775, 90.42750597000122, 90.31772017478943, 89.61581587791443, 74.60410594940186, 38.79164755344391, 27.473798394203186, 38.89874219894409]",33.755510568618774,595.203125,6.0
3,gaussian,toys,copula,10.143218795458475,89.57902789115906,90.19417762756348,90.55384993553162,0 days 00:00:01.322146,"[12.628151655197144, 11.28015011548996, 10.143218795458475, 9.192377850413322, 8.60962005853653, 8.752006789048513, 9.5764525277274, 9.998975321650505, 10.15194198820326, 10.30389894247055]","[88.86992931365967, 89.58811163902283, 89.57902789115906, 88.30538988113403, 66.42940640449524, 32.50023424625397, 29.172974824905396, 48.932453989982605, 49.00731444358826, 43.12673211097717]","[89.35381174087524, 90.0389313697815, 90.19417762756348, 88.68411779403687, 67.00592041015625, 33.015117049217224, 31.292998790740967, 50.9050726890564, 49.54763352870941, 44.27735209465027]",37.13978433609009,595.95703125,6.0
4,gaussian,toys,copula,10.51424918572108,90.17133116722108,90.44569730758668,90.87365865707396,0 days 00:00:01.311707,"[12.798558831214905, 11.576956331729889, 10.514249185721079, 9.55997209250927, 8.767404806613921, 8.412093579769135, 8.96045892579215, 9.660170942544937, 10.001782218615213, 10.071583545207977]","[89.78345394134521, 89.92517590522766, 90.17133116722107, 89.58275318145752, 83.83760452270508, 52.29825973510742, 28.036755323410034, 29.030457139015198, 42.05434024333954, 53.730934858322144]","[90.0766909122467, 90.31912088394165, 90.44569730758667, 90.19184112548828, 83.00135731697083, 53.75100374221802, 28.31210494041443, 29.143357276916504, 41.68397784233093, 52.273398637771606]",37.41015815734863,596.01171875,6.0
5,gaussian,toys,copula,9.58854885896047,89.7713303565979,90.44265747070312,90.72750806808472,0 days 00:00:01.368711,"[11.833450436592102, 10.619417369365692, 9.58854885896047, 8.704634547233582, 8.149437463283538, 8.316742400328318, 9.139205813407898, 9.602639570832253, 9.763275994194878, 9.836553382873536]","[89.89185094833374, 89.91608619689941, 89.7713303565979, 87.911057472229, 68.65195631980896, 33.48008394241333, 27.234333753585815, 37.62821853160858, 45.75327932834625, 40.1673287153244]","[90.09790420532227, 90.32214879989624, 90.44265747070312, 88.65448236465454, 67.448490858078, 33.542051911354065, 27.176907658576965, 37.46165931224823, 45.85965871810913, 39.88337218761444]",38.41298270225525,595.78125,6.0
